{
  "linhas": [
    {
      "id": 1,
      "nome": "Linha 1 Azul",
      "cor": " #011289",
      "operadora": "ViaMobilidade",
      "logo": "images/LogoCCR.png",
      "horario": "Todos os dias, das 04h00 à meia-noite",
      "status": "Trens circulando com operação normal",
      "estacoes": [
        "Jabaquara",
        "Conceição",
        "São Judas",
        "Saúde",
        "Praça na Árvore",
        "Santa Cruz",
        "Vila Mariana",
        "Ana Rosa",
        "Paraíso",
        "Vergueiro",
        "São Joaquim",
        "Sé",
        "São Bento",
        "Luz",
        "Tiradentes",
        "Armênia",
        "Portuguesa-Tietê",
        "Carandiru",
        "Santana",
        "Jardim São Paulo-Ayrton Senna",
        "Parada Inglesa",
        "Tucuruvi"
      ]
    },
    {
      "id": 2,
      "nome": "Linha 2 Verde",
      "cor": "#008000",
      "operadora": "ViaMobilidade",
      "logo": "images/LogoCCR.png",
      "horario": "Todos os dias, das 04h00 à meia-noite",
      "status": "Trens circulando com operação normal",
      "estacoes": [
        "Vila Prudente",
        "Tamanduateí",
        "Sacomã",
        "Alto do Ipiranga",
        "Santos-Imigrantes",
        "Chácara Klabin",
        "Ana Rosa",
        "Paraíso",
        "Brigadeiro",
        "Trianon-Masp",
        "Consolação",
        "Clínicas",
        "Vila Madalena"
      ]
    },
    {
      "id": 3,
      "nome": "Linha 3 Vermelha",
      "cor": "#FF0000",
      "operadora": "ViaMobilidade",
      "logo": "images/LogoCCR.png",
      "horario": "Todos os dias, das 04h00 à meia-noite",
      "status": "Trens circulando com operação normal",
      "estacoes": [
        "Palmeiras-Barra Funda",
        "Marechal Deodoro",
        "Santa Cecília",
        "República",
        "Anhangabaú",
        "Sé",
        "Pedro II",
        "Brás",
        "Bresser-Mooca",
        "Belém",
        "Tatuapé",
        "Carrão",
        "Penha",
        "Vila Matilde",
        "Guilhermina-Esperança",
        "Patriarca",
        "Artur Alvim",
        "Corinthians-Itaquera"
      ]
    },
    {
      "id": 4,
      "nome": "Linha 4 Amarela",
      "cor": "#FFD700",
      "operadora": "ViaQuatro",
      "logo": "images/LogoCCR.png",
      "horario": "Todos os dias, das 04h00 à meia-noite",
      "status": "Trens circulando com operação normal",
      "estacoes": [
        "Luz",
        "República",
        "Higienópolis-Mackenzie",
        "Paulista",
        "Oscar Freire",
        "Fradique Coutinho",
        "Faria Lima",
        "Pinheiros",
        "Butantã",
        "São Paulo-Morumbi",
        "Vila Sônia"
      ]
    },
    {
      "id": 5,
      "nome": "Linha 5 Lilás",
      "cor": "#800080",
      "operadora": "ViaMobilidade",
      "logo": "images/LogoCCR.png",
      "horario": "Todos os dias, das 04h00 à meia-noite",
      "status": "Trens circulando com operação normal",
      "estacoes": [
        "Capão Redondo",
        "Campo Limpo",
        "Vila das Belezas",
        "Giovanni Gronchi",
        "Santo Amaro",
        "Largo Treze",
        "Adolfo Pinheiro",
        "Alto da Boa Vista",
        "Borba Gato",
        "Brooklin",
        "Campo Belo",
        "Eucaliptos",
        "Moema",
        "AACD-Servidor",
        "Hospital São Paulo",
        "Santa Cruz",
        "Chácara Klabin"
      ]
    },
    {
      "id": 7,
      "nome": "Linha 7 Rubi",
      "cor": "#E0115F",
      "operadora": "ViaMobilidade",
      "logo": "images/LogoCCR.png",
      "horario": "Todos os dias, das 04h00 à meia-noite",
      "status": "Trens circulando com operação normal",
      "estacoes": [
        "Luz",
        "Barra Funda",
        "Água Branca",
        "Lapa",
        "Domingos de Moraes",
        "Leopoldina",
        "Palmeiras-Barra Funda",
        "Júlio Prestes",
        "Brás",
        "Mooca",
        "Ipiranga",
        "São Caetano do Sul",
        "Utinga",
        "Prefeito Saladino",
        "Santo André",
        "Capuava",
        "Mauá",
        "Guapituba",
        "Ribeirão Pires",
        "Rio Grande da Serra"
      ]
    },
    {
      "id": 8,
      "nome": "Linha 8 Diamante",
      "cor": "#B9F2FF",
      "operadora": "ViaMobilidade",
      "logo": "images/LogoCCR.png",
      "horario": "Todos os dias, das 04h00 à meia-noite",
      "status": "Trens circulando com operação normal",
      "estacoes": [
        "Júlio Prestes",
        "Palmeiras-Barra Funda",
        "Lapa",
        "Domingos de Moraes",
        "Presidente Altino",
        "Osasco",
        "Comandante Sampaio",
        "Quitaúna",
        "General Miguel Costa",
        "Carapicuíba",
        "Santa Terezinha",
        "Antônio João",
        "Barueri",
        "Jardim Belval",
        "Jardim Silveira",
        "Jandira",
        "Sagrado Coração",
        "Engenheiro Cardoso",
        "Itapevi",
        "Santa Rita",
        "Amador Bueno"
      ]
    },
    {
      "id": 9,
      "nome": "Linha 9 Esmeralda",
      "cor": "#50C878",
      "operadora": "ViaMobilidade",
      "logo": "images/LogoCCR.png",
      "horario": "Todos os dias, das 04h00 à meia-noite",
      "status": "Trens circulando com operação normal",
      "estacoes": [
        "Osasco",
        "Presidente Altino",
        "Ceasa",
        "Villa-Lobos-Jaguaré",
        "Cidade Universitária",
        "Hebraica-Rebouças",
        "Pinheiros",
        "Cidade Jardim",
        "Vila Olímpia",
        "Berrini",
        "Morumbi",
        "Granja Julieta",
        "Santo Amaro",
        "Socorro",
        "Jurubatuba",
        "Autódromo",
        "Primavera-Interlagos",
        "Grajaú"
      ]
    },
    {
      "id": 10,
      "nome": "Linha 10 Turquesa",
      "cor": "#40E0D0",
      "operadora": "ViaMobilidade",
      "logo": "images/LogoCCR.png",
      "horario": "Todos os dias, das 04h00 à meia-noite",
      "status": "Trens circulando com operação normal",
      "estacoes": [
        "Brás",
        "Mooca",
        "Ipiranga",
        "Tamanduateí",
        "Utinga",
        "Prefeito Saladino",
        "Santo André",
        "Capuava",
        "Mauá",
        "Guapituba",
        "Ribeirão Pires",
        "Rio Grande da Serra"
      ]
    },
    {
      "id": 11,
      "nome": "Linha 11 Coral",
      "cor": "#FF7F50",
      "operadora": "ViaMobilidade",
      "logo": "images/LogoCCR.png",
      "horario": "Todos os dias, das 04h00 à meia-noite",
      "status": "Trens circulando com operação normal",
      "estacoes": [
        "Luz",
        "Brás",
        "Tatuapé",
        "Corinthians-Itaquera",
        "Dom Bosco",
        "José Bonifácio",
        "Guaianases",
        "Antônio Gianetti Neto",
        "Ferraz de Vasconcelos",
        "Poá",
        "Calmon Viana",
        "Suzano",
        "Jundiapeba",
        "Braz Cubas",
        "Mogi das Cruzes",
        "Estudantes"
      ]
    },
    {
      "id": 12,
      "nome": "Linha 12 Safira",
      "cor": "#082567",
      "operadora": "ViaMobilidade",
      "logo": "images/LogoCCR.png",
      "horario": "Todos os dias, das 04h00 à meia-noite",
      "status": "Trens circulando com operação normal",
      "estacoes": [
        "Brás",
        "Tatuapé",
        "Engenheiro Goulart",
        "USP Leste",
        "Comendador Ermelino",
        "São Miguel Paulista",
        "Jardim Helena-Vila Mara",
        "Itaim Paulista",
        "Jardim Romano",
        "Engenheiro Manoel Feio",
        "Itaquaquecetuba",
        "Aracaré",
        "Calmon Viana"
      ]
    },
    {
      "id": 13,
      "nome": "Linha 13 Jade",
      "cor": "#00A86B",
      "operadora": "ViaMobilidade",
      "logo": "images/LogoCCR.png",
      "horario": "Todos os dias, das 04h00 à meia-noite",
      "status": "Trens circulando com operação normal",
      "estacoes": [
        "Brás",
        "Engenheiro Goulart",
        "USP Leste",
        "Comendador Ermelino",
        "São Miguel Paulista",
        "Jardim Helena-Vila Mara",
        "Itaim Paulista",
        "Jardim Romano",
        "Engenheiro Manoel Feio",
        "Itaquaquecetuba",
        "Aracaré",
        "Calmon Viana"
      ]
    },
    {
      "id": 15,
      "nome": "Linha 15 Prata",
      "cor": "#C0C0C0",
      "operadora": "ViaMobilidade",
      "logo": "images/LogoCCR.png",
      "horario": "Todos os dias, das 04h00 à meia-noite",
      "status": "Trens circulando com operação normal",
      "estacoes": [
        "Vila Prudente",
        "Oratório",
        "São Lucas",
        "Camilo Haddad",
        "Vila Tolstói",
        "Vila União",
        "Jardim Planalto",
        "Sapopemba",
        "Fazenda da Juta",
        "São Mateus",
        "São Mateus",
        "Iguatemi",
        "Água Rasa",
        "Anália Franco",
        "Vila Formosa",
        "Jardim Aricanduva",
        "Carrão",
        "Penha",
        "Vila Matilde",
        "Guilhermina-Esperança",
        "Patriarca",
        "Artur Alvim",
        "Corinthians-Itaquera"
      ]
    }
  ]
}